WAFER_ID,GVB,DELAY_TIME,OPN_194997_LOT,OPN_194997_ENTITY,OPN_194997_CHAMBER,OPN_194997_END_DATE,OPN_197573_ENTITY,OPN_197573_LOT,OPN_197573_CHAMBER,OPN_197573_START_DATE
EFBRB630MMB2,Good,21.576944444444443,W5070110,SDJ591,CGCH611,2025-03-20 04:04:09,OXS270,W5070110,PC1,2025-03-21 01:38:46
EFBRB631MMF4,Bad,22.48638888888889,W5070110,SDJ591,CGCH612,2025-03-20 04:04:39,OXS270,W5070110A,PC1,2025-03-21 02:33:50
EFBRB632MMC3,Bad,21.315277777777776,W5070110,SDJ591,CGCH613,2025-03-20 04:04:51,OXS270,W5070110,PC1,2025-03-21 01:23:46
EFBRB634MMD4,Bad,22.543055555555554,W5070110,SDJ591,CGCH611,2025-03-20 04:06:15,OXS270,W5070110A,PC1,2025-03-21 02:38:50
EFBRB635MMA3,Bad,21.366666666666667,W5070110,SDJ591,CGCH612,2025-03-20 04:06:46,OXS270,W5070110,PC1,2025-03-21 01:28:46
EFBRB636MME5,Bad,22.3225,W5070110,SDJ591,CGCH613,2025-03-20 04:06:59,OXS270,W5070110A,PC1,2025-03-21 02:26:20
EFBRB637MMB4,Bad,21.42361111111111,W5070110,SDJ591,CGCH611,2025-03-20 04:08:21,OXS270,W5070110,PC1,2025-03-21 01:33:46
EFBRB638MMF6,Bad,22.20777777777778,W5070110,SDJ591,CGCH612,2025-03-20 04:08:53,OXS270,W5070110A,PC1,2025-03-21 02:21:21
EFBRB639MMC5,Bad,21.160833333333333,W5070110,SDJ591,CGCH613,2025-03-20 04:09:06,OXS270,W5070110,PC1,2025-03-21 01:18:45
EFBRB640MMF6,Bad,22.223055555555554,W5070110,SDJ591,CGCH611,2025-03-20 04:10:28,OXS270,W5070110A,PC1,2025-03-21 02:23:51
EFBRB641MMC5,Bad,21.42111111111111,W5070110,SDJ591,CGCH612,2025-03-20 04:11:00,OXS270,W5070110,PC1,2025-03-21 01:36:16
EFBRB643MMD6,Bad,22.501944444444444,W5070110,SDJ591,CGCH613,2025-03-20 04:11:13,OXS270,W5070110A,PC1,2025-03-21 02:41:20
EFBRB644MMA5,Bad,21.22833333333333,W5070110,SDJ591,CGCH611,2025-03-20 04:12:34,OXS270,W5070110,PC1,2025-03-21 01:26:16
EFBRB645MME7,Bad,22.261944444444445,W5070110,SDJ591,CGCH612,2025-03-20 04:13:07,OXS270,W5070110A,PC1,2025-03-21 02:28:50
EFBRB646MMB6,Bad,21.29888888888889,W5070110,SDJ591,CGCH613,2025-03-20 04:13:20,OXS270,W5070110,PC1,2025-03-21 01:31:16
EFBRB647MMG0,Good,22.028055555555557,W5070110,SDJ591,CGCH611,2025-03-20 04:14:40,OXS270,W5070110A,PC1,2025-03-21 02:16:21
EFBRB648MMC7,Bad,21.100555555555555,W5070110,SDJ591,CGCH612,2025-03-20 04:15:14,OXS270,W5070110,PC1,2025-03-21 01:21:16
EFBRB649MMH1,Bad,22.473055555555554,W5070110,SDJ591,CGCH613,2025-03-20 04:15:27,OXS270,W5070110A,PC1,2025-03-21 02:43:50
EFBRB650MMC7,Bad,20.949444444444445,W5070110,SDJ591,CGCH611,2025-03-20 04:16:47,OXS270,W5070110,PC1,2025-03-21 01:13:45
EFBRB651MMH1,Bad,22.233333333333334,W5070110,SDJ591,CGCH612,2025-03-20 04:17:20,OXS270,W5070110A,PC1,2025-03-21 02:31:20
EFBRB652MME0,Bad,20.978055555555557,W5070110,SDJ591,CGCH613,2025-03-20 04:17:34,OXS270,W5070110,PC1,2025-03-21 01:16:15
EFBRB653MMA7,Bad,21.999166666666667,W5070110,SDJ591,CGCH611,2025-03-20 04:18:53,OXS270,W5070110A,PC1,2025-03-21 02:18:50
EFBRB669MMB3,Bad,20.863333333333333,W5070110,SDJ591,CGCH612,2025-03-20 04:19:27,OXS270,W5070110,PC1,2025-03-21 01:11:15
EFBRB670MME4,Bad,22.27777777777778,W5070110,SDJ591,CGCH613,2025-03-20 04:19:40,OXS270,W5070110A,PC1,2025-03-21 02:36:20
EFBRB671MMB3,Good,20.79611111111111,W5070110,SDJ591,CGCH611,2025-03-20 04:20:59,OXS270,W5070110,PC1,2025-03-21 01:08:45
GF51F539MMD5,Good,26.31972222222222,W5136300,SDJ591,CGCH611,2025-04-19 05:42:32,OXS266,W5136300,PC1,2025-04-20 08:01:43
GF51F565MMA1,Good,26.660555555555554,W5136300,SDJ591,CGCH612,2025-04-19 05:43:05,OXS270,W5136300A,PC1,2025-04-20 08:22:43
GF51F566MME3,Good,26.223333333333333,W5136300,SDJ591,CGCH613,2025-04-19 05:43:21,OXS266,W5136300,PC1,2025-04-20 07:56:45
A12C6026SLB2,Good,37.193888888888885,W5125910,SDJ591,CGCH611,2025-04-25 05:23:27,OXS266,W5125910,PC1,2025-04-26 18:35:05
A12C6027SLF4,Bad,41.721944444444446,W5125910,SDJ591,CGCH612,2025-04-25 05:23:57,OXS266,W5125910A,PC2,2025-04-26 23:07:16
A12C6028SLC3,Good,36.8525,W5125910,SDJ591,CGCH613,2025-04-25 05:24:09,OXS266,W5125910,PC1,2025-04-26 18:15:18
A12C6029SLG5,Good,41.53138888888889,W5125910,SDJ591,CGCH611,2025-04-25 05:25:33,OXS266,W5125910A,PC2,2025-04-26 22:57:26
A12C6030SLC3,Bad,37.23305555555555,W5125910,SDJ591,CGCH612,2025-04-25 05:26:04,OXS266,W5125910,PC1,2025-04-26 18:40:03
A12C6055SLD1,Good,41.47833333333333,W5125910,SDJ591,CGCH613,2025-04-25 05:26:17,OXS266,W5125910A,PC2,2025-04-26 22:54:59
A12C6056SLA0,Good,36.958888888888886,W5125910,SDJ591,CGCH611,2025-04-25 05:27:39,OXS266,W5125910,PC1,2025-04-26 18:25:11
A12C6057SLE2,Good,41.77472222222222,W5125910,SDJ591,CGCH612,2025-04-25 05:28:10,OXS266,W5125910A,PC2,2025-04-26 23:14:39
A12C6058SLB1,Good,37.15277777777778,W5125910,SDJ591,CGCH613,2025-04-25 05:28:24,OXS266,W5125910,PC1,2025-04-26 18:37:34
A12C6059SLF3,Good,41.66583333333333,W5125910,SDJ591,CGCH611,2025-04-25 05:29:46,OXS266,W5125910A,PC2,2025-04-26 23:09:43
A12C6061SLF3,Good,41.69833333333333,W5125910,SDJ591,CGCH612,2025-04-25 05:30:17,OXS266,W5125910A,PC2,2025-04-26 23:12:11
A12C6062SLC2,Bad,36.87027777777778,W5125910,SDJ591,CGCH613,2025-04-25 05:30:31,OXS266,W5125910,PC1,2025-04-26 18:22:44
A12C6063SLG4,Good,41.34444444444444,W5125910,SDJ591,CGCH611,2025-04-25 05:31:52,OXS266,W5125910A,PC2,2025-04-26 22:52:32
A12C6064SLD3,Bad,37.00333333333333,W5125910,SDJ591,CGCH612,2025-04-25 05:32:24,OXS266,W5125910,PC1,2025-04-26 18:32:36
A12C6065SLA2,Bad,41.454166666666666,W5125910,SDJ591,CGCH613,2025-04-25 05:32:38,OXS266,W5125910A,PC2,2025-04-26 22:59:53
A12C6066SLE4,Bad,36.894444444444446,W5125910,SDJ591,CGCH611,2025-04-25 05:33:58,OXS266,W5125910,PC1,2025-04-26 18:27:38
A12C6067SLB3,Bad,41.259166666666665,W5125910,SDJ591,CGCH612,2025-04-25 05:34:31,OXS266,W5125910A,PC2,2025-04-26 22:50:04
A12C6068SLF5,Bad,36.922777777777775,W5125910,SDJ591,CGCH613,2025-04-25 05:34:45,OXS266,W5125910,PC1,2025-04-26 18:30:07
A12C6069SLC4,Good,41.19222222222222,W5125910,SDJ591,CGCH611,2025-04-25 05:36:04,OXS266,W5125910A,PC2,2025-04-26 22:47:36
A12C6070SLF5,Bad,36.72694444444444,W5125910,SDJ591,CGCH612,2025-04-25 05:36:38,OXS266,W5125910,PC1,2025-04-26 18:20:15
A12C6071SLC4,Bad,41.425,W5125910,SDJ591,CGCH613,2025-04-25 05:36:51,OXS266,W5125910A,PC2,2025-04-26 23:02:21
A12C6072SLG6,Good,36.5775,W5125910,SDJ591,CGCH611,2025-04-25 05:38:10,OXS266,W5125910,PC1,2025-04-26 18:12:49
A12C6073SLD5,Bad,41.434444444444445,W5125910,SDJ591,CGCH612,2025-04-25 05:38:45,OXS266,W5125910A,PC2,2025-04-26 23:04:49
A12C6074SLA4,Bad,36.64666666666667,W5125910,SDJ591,CGCH613,2025-04-25 05:38:58,OXS266,W5125910,PC1,2025-04-26 18:17:46
GF51F526MMB1,Good,24.706666666666667,W5136350,SDJ591,CGCH611,2025-04-28 20:56:43,OXS270,W5136350,PC1,2025-04-29 21:39:07
GF51F527MMF3,Good,25.483333333333334,W5136350,SDJ591,CGCH612,2025-04-28 20:57:13,OXS270,W5136350A,PC2,2025-04-29 22:26:13
GF51F528MMC2,Good,24.57111111111111,W5136350,SDJ591,CGCH613,2025-04-28 20:57:25,OXS270,W5136350,PC1,2025-04-29 21:31:41
GF51F529MMG4,Good,25.539166666666667,W5136350,SDJ591,CGCH611,2025-04-28 20:58:50,OXS270,W5136350A,PC2,2025-04-29 22:31:11
GF51F530MMC2,Good,24.91111111111111,W5136350,SDJ591,CGCH612,2025-04-28 20:59:20,OXS270,W5136350,PC1,2025-04-29 21:54:00
GF51F531MMG4,Good,25.61,W5136350,SDJ591,CGCH613,2025-04-28 20:59:34,OXS270,W5136350A,PC2,2025-04-29 22:36:10
GF51F532MMD3,Bad,24.843055555555555,W5136350,SDJ591,CGCH611,2025-04-28 21:00:56,OXS270,W5136350,PC1,2025-04-29 21:51:31
GF51F533MMA2,Good,25.246666666666666,W5136350,SDJ591,CGCH612,2025-04-28 21:01:27,OXS270,W5136350A,PC2,2025-04-29 22:16:15
GF51F534MME4,Good,24.665277777777778,W5136350,SDJ591,CGCH613,2025-04-28 21:01:41,OXS270,W5136350,PC1,2025-04-29 21:41:36
GF51F535MMB3,Good,25.510833333333334,W5136350,SDJ591,CGCH611,2025-04-28 21:03:02,OXS270,W5136350A,PC2,2025-04-29 22:33:41
GF51F536MMF5,Good,24.923055555555557,W5136350,SDJ591,CGCH612,2025-04-28 21:03:34,OXS270,W5136350,PC1,2025-04-29 21:58:57
GF51F537MMC4,Good,25.12527777777778,W5136350,SDJ591,CGCH613,2025-04-28 21:03:47,OXS270,W5136350A,PC2,2025-04-29 22:11:18
GF51F695MMF3,Good,24.731666666666666,W5136350,SDJ591,CGCH611,2025-04-28 21:05:08,OXS270,W5136350,PC1,2025-04-29 21:49:02
GF51F696MMC2,Good,25.300555555555555,W5136350,SDJ591,CGCH612,2025-04-28 21:05:41,OXS270,W5136350A,PC2,2025-04-29 22:23:43
GF51F697MMG4,Good,24.388333333333332,W5136350,SDJ591,CGCH613,2025-04-28 21:05:54,OXS270,W5136350,PC1,2025-04-29 21:29:12
GF51F698MMD3,Bad,25.3575,W5136350,SDJ591,CGCH611,2025-04-28 21:07:15,OXS270,W5136350A,PC2,2025-04-29 22:28:42
GF51F699MMA2,Bad,24.64611111111111,W5136350,SDJ591,CGCH612,2025-04-28 21:07:48,OXS270,W5136350,PC1,2025-04-29 21:46:34
GF51F700MMB6,Good,25.013333333333332,W5136350,SDJ591,CGCH613,2025-04-28 21:08:01,OXS270,W5136350A,PC2,2025-04-29 22:08:49
GF51F701MMG0,Good,24.57888888888889,W5136350,SDJ591,CGCH611,2025-04-28 21:09:21,OXS270,W5136350,PC1,2025-04-29 21:44:05
GF51F702MMC7,Good,25.146944444444443,W5136350,SDJ591,CGCH612,2025-04-28 21:09:55,OXS270,W5136350A,PC2,2025-04-29 22:18:44
GF51F703MMH1,Good,24.400555555555556,W5136350,SDJ591,CGCH613,2025-04-28 21:10:08,OXS270,W5136350,PC1,2025-04-29 21:34:10
GF51F704MME0,Bad,25.038888888888888,W5136350,SDJ591,CGCH611,2025-04-28 21:11:27,OXS270,W5136350A,PC2,2025-04-29 22:13:47
GF51F756MMF4,Bad,24.739444444444445,W5136350,SDJ591,CGCH612,2025-04-28 21:12:07,OXS270,W5136350,PC1,2025-04-29 21:56:29
GF51F757MMC3,Bad,25.139444444444443,W5136350,SDJ591,CGCH613,2025-04-28 21:12:52,OXS270,W5136350A,PC2,2025-04-29 22:21:14
GF51F758MMG5,Bad,24.384444444444444,W5136350,SDJ591,CGCH611,2025-04-28 21:13:34,OXS270,W5136350,PC1,2025-04-29 21:36:38
AIRBB635TMG4,Good,20.735833333333332,W5141950,SDJ591,CGCH611,2025-04-29 07:36:22,OXS266,W5141950,PC1,2025-04-30 04:20:31
AIRBB636TMD3,Good,21.486666666666668,W5141950,SDJ591,CGCH612,2025-04-29 07:36:52,OXS270,W5141950A,PC1,2025-04-30 05:06:04
AIRBB637TMA2,Good,20.3525,W5141950,SDJ591,CGCH613,2025-04-29 07:37:04,OXS266,W5141950,PC1,2025-04-30 03:58:13
AIRBB638TME4,Good,21.5425,W5141950,SDJ591,CGCH611,2025-04-29 07:38:28,OXS270,W5141950A,PC1,2025-04-30 05:11:01
AIRBB639TMB3,Good,20.403055555555557,W5141950,SDJ591,CGCH612,2025-04-29 07:38:59,OXS266,W5141950,PC1,2025-04-30 04:03:10
AIRBB640TME4,Good,21.736944444444443,W5141950,SDJ591,CGCH613,2025-04-29 07:39:13,OXS270,W5141950A,PC1,2025-04-30 05:23:26
AIRBB641TMB3,Good,20.50027777777778,W5141950,SDJ591,CGCH611,2025-04-29 07:40:35,OXS266,W5141950,PC1,2025-04-30 04:10:36
AIRBB642TMF5,Bad,21.664166666666667,W5141950,SDJ591,CGCH612,2025-04-29 07:41:06,OXS270,W5141950A,PC1,2025-04-30 05:20:57
AIRBB643TMC4,Good,20.529166666666665,W5141950,SDJ591,CGCH613,2025-04-29 07:41:19,OXS266,W5141950,PC1,2025-04-30 04:13:04
AIRBB644TMG6,Good,21.430833333333332,W5141950,SDJ591,CGCH611,2025-04-29 07:42:41,OXS270,W5141950A,PC1,2025-04-30 05:08:32
AIRBB645TMD5,Good,20.663333333333334,W5141950,SDJ591,CGCH612,2025-04-29 07:43:13,OXS266,W5141950,PC1,2025-04-30 04:23:01
AIRBB646TMA4,Good,21.79083333333333,W5141950,SDJ591,CGCH613,2025-04-29 07:43:26,OXS270,W5141950A,PC1,2025-04-30 05:30:53
AIRBB647TME6,Bad,20.554166666666667,W5141950,SDJ591,CGCH611,2025-04-29 07:44:47,OXS266,W5141950,PC1,2025-04-30 04:18:02
AIRBB648TMB5,Good,21.717777777777776,W5141950,SDJ591,CGCH612,2025-04-29 07:45:20,OXS270,W5141950A,PC1,2025-04-30 05:28:24
AIRBB649TMF7,Bad,20.37611111111111,W5141950,SDJ591,CGCH613,2025-04-29 07:45:33,OXS266,W5141950,PC1,2025-04-30 04:08:07
AIRBB676TMG5,Good,21.774722222222223,W5141950,SDJ591,CGCH611,2025-04-29 07:46:53,OXS270,W5141950A,PC1,2025-04-30 05:33:22
AIRBB677TMD4,Good,20.220833333333335,W5141950,SDJ591,CGCH612,2025-04-29 07:47:27,OXS266,W5141950,PC1,2025-04-30 04:00:42
AIRBB678TMA3,Good,21.63722222222222,W5141950,SDJ591,CGCH613,2025-04-29 07:47:40,OXS270,W5141950A,PC1,2025-04-30 05:25:54
AIRBB679TME5,Bad,20.4425,W5141950,SDJ591,CGCH611,2025-04-29 07:49:00,OXS266,W5141950,PC1,2025-04-30 04:15:33
AIRBB680TMA3,Good,21.398888888888887,W5141950,SDJ591,CGCH612,2025-04-29 07:49:34,OXS270,W5141950A,PC1,2025-04-30 05:13:30
AIRBB681TME5,Good,20.058055555555555,W5141950,SDJ591,CGCH613,2025-04-29 07:49:47,OXS266,W5141950,PC1,2025-04-30 03:53:16
AIRBB682TMB4,Bad,21.45611111111111,W5141950,SDJ591,CGCH611,2025-04-29 07:51:06,OXS270,W5141950A,PC1,2025-04-30 05:18:28
AIRBB683TMF6,Bad,20.232777777777777,W5141950,SDJ591,CGCH612,2025-04-29 07:51:41,OXS266,W5141950,PC1,2025-04-30 04:05:39
AIRBB684TMC5,Good,21.401666666666667,W5141950,SDJ591,CGCH613,2025-04-29 07:51:53,OXS270,W5141950A,PC1,2025-04-30 05:15:59
AIRBB685TMG7,Bad,20.04222222222222,W5141950,SDJ591,CGCH611,2025-04-29 07:53:12,OXS266,W5141950,PC1,2025-04-30 03:55:44
GF51F567MMB2,Bad,26.676111111111112,W5136300,SDJ591,CGCH611,2025-04-19 05:44:38,OXS270,W5136300A,PC1,2025-04-20 08:25:12
GF51F568MMF4,Bad,26.399166666666666,W5136300,SDJ591,CGCH612,2025-04-19 05:45:12,OXS266,W5136300,PC1,2025-04-20 08:09:09
GF51F571MMC3,Good,26.54861111111111,W5136300,SDJ591,CGCH612,2025-04-19 05:47:19,OXS270,W5136300A,PC1,2025-04-20 08:20:14
GF51F569MMC3,Good,26.455833333333334,W5136300,SDJ591,CGCH613,2025-04-19 05:45:27,OXS270,W5136300A,PC1,2025-04-20 08:12:48
GF51F570MMF4,Good,25.960833333333333,W5136300,SDJ591,CGCH611,2025-04-19 05:46:44,OXS266,W5136300,PC1,2025-04-20 07:44:23
GF51F572MMG5,Bad,25.905555555555555,W5136300,SDJ591,CGCH613,2025-04-19 05:47:34,OXS266,W5136300,PC1,2025-04-20 07:41:54
GF51F573MMD4,Good,26.233888888888888,W5136300,SDJ591,CGCH611,2025-04-19 05:48:50,OXS270,W5136300A,PC1,2025-04-20 08:02:52
GF51F574MMA3,Good,25.956944444444446,W5136300,SDJ591,CGCH612,2025-04-19 05:49:26,OXS266,W5136300,PC1,2025-04-20 07:46:51
GF51F584MME7,Good,26.302777777777777,W5136300,SDJ591,CGCH613,2025-04-19 05:49:40,OXS270,W5136300A,PC1,2025-04-20 08:07:50
GF51F585MMB6,Good,26.22111111111111,W5136300,SDJ591,CGCH611,2025-04-19 05:50:57,OXS266,W5136300,PC1,2025-04-20 08:04:13
GF51F586MMG0,Bad,26.436666666666667,W5136300,SDJ591,CGCH612,2025-04-19 05:51:33,OXS270,W5136300A,PC1,2025-04-20 08:17:45
GR0ZY483SEE3,Good,27.469722222222224,W5163440,SDJ591,CGCH612,2025-05-11 18:57:59,OXS266,W5163440A,PC1,2025-05-12 22:26:10
GP8VG052SEA5,Good,22.56361111111111,W5156270,SDJ591,CGCH611,2025-05-11 11:22:57,OXS266,W5156270,PC2,2025-05-12 09:56:46
GP8VG053SEE7,Good,22.895555555555557,W5156270,SDJ591,CGCH612,2025-05-11 11:23:25,OXS266,W5156270A,PC1,2025-05-12 10:17:09
GP8VG054SEB6,Bad,22.798333333333332,W5156270,SDJ591,CGCH613,2025-05-11 11:23:37,OXS266,W5156270,PC2,2025-05-12 10:11:31
GP8VG056SEC7,Good,22.397777777777776,W5156270,SDJ591,CGCH612,2025-05-11 11:25:32,OXS266,W5156270,PC2,2025-05-12 09:49:24
GP8VG055SEG0,Good,22.455555555555556,W5156270,SDJ591,CGCH611,2025-05-11 11:25:03,OXS266,W5156270A,PC1,2025-05-12 09:52:23
GR0ZY479SED2,Good,27.80472222222222,W5163440,SDJ591,CGCH612,2025-05-11 18:55:52,OXS266,W5163440,PC2,2025-05-12 22:44:09
GR0ZY480SEG3,Good,27.411944444444444,W5163440,SDJ591,CGCH613,2025-05-11 18:56:29,OXS266,W5163440A,PC1,2025-05-12 22:21:12
GR0ZY481SED2,Good,27.45638888888889,W5163440,SDJ591,CGCH611,2025-05-11 18:57:06,OXS266,W5163440,PC2,2025-05-12 22:24:29
GR0ZY484SEB2,Good,27.554166666666667,W5163440,SDJ591,CGCH613,2025-05-11 18:58:36,OXS266,W5163440,PC2,2025-05-12 22:31:51
GF51F587MMC7,Bad,26.248055555555556,W5136300,SDJ591,CGCH613,2025-04-19 05:51:47,OXS266,W5136300,PC1,2025-04-20 08:06:40
GF51F588MMH1,Bad,26.205,W5136300,SDJ591,CGCH611,2025-04-19 05:53:03,OXS270,W5136300A,PC1,2025-04-20 08:05:21
GF51F589MME0,Good,25.927777777777777,W5136300,SDJ591,CGCH612,2025-04-19 05:53:40,OXS266,W5136300,PC1,2025-04-20 07:49:20
GF51F617MMA0,Good,26.563333333333333,W5136300,SDJ591,CGCH613,2025-04-19 05:53:54,OXS270,W5136300A,PC1,2025-04-20 08:27:42
GF51F618MME2,Good,26.068055555555556,W5136300,SDJ591,CGCH611,2025-04-19 05:55:09,OXS266,W5136300,PC1,2025-04-20 07:59:14
GP8VG057SEH1,Good,22.567777777777778,W5156270,SDJ591,CGCH613,2025-05-11 11:25:45,OXS266,W5156270A,PC1,2025-05-12 09:59:49
GP8VG058SEE0,Good,22.534444444444443,W5156270,SDJ591,CGCH611,2025-05-11 11:27:10,OXS266,W5156270,PC2,2025-05-12 09:59:14
GP8VG059SEA7,Good,22.370833333333334,W5156270,SDJ591,CGCH612,2025-05-11 11:27:39,OXS266,W5156270A,PC1,2025-05-12 09:49:54
GP8VG060SEE0,Good,22.563333333333333,W5156270,SDJ591,CGCH613,2025-05-11 11:27:52,OXS266,W5156270,PC2,2025-05-12 10:01:40
GR0ZY485SEF4,Good,27.656388888888888,W5163440,SDJ591,CGCH611,2025-05-11 18:59:12,OXS266,W5163440A,PC1,2025-05-12 22:38:35
GP8VG061SEA7,Good,22.756666666666668,W5156270,SDJ591,CGCH611,2025-05-11 11:29:16,OXS266,W5156270A,PC1,2025-05-12 10:14:40
GR0ZY506SEC3,Good,11.733611111111111,W5163440R1,SDJ591,CGCH612,2025-05-12 10:57:03,OXS266,W5163440A,PC1,2025-05-12 22:41:04
GR0ZY488SED4,Good,27.4475,W5163440,SDJ591,CGCH612,2025-05-11 19:00:06,OXS266,W5163440,PC2,2025-05-12 22:26:57
GR0ZY489SEA3,Good,27.59,W5163440,SDJ591,CGCH613,2025-05-11 19:00:42,OXS266,W5163440A,PC1,2025-05-12 22:36:06
GR0ZY490SED4,Good,27.550555555555555,W5163440,SDJ591,CGCH611,2025-05-11 19:01:18,OXS266,W5163440,PC2,2025-05-12 22:34:20
GR0ZY492SEE5,Good,27.440277777777776,W5163440,SDJ591,CGCH612,2025-05-11 19:02:13,OXS266,W5163440A,PC1,2025-05-12 22:28:38
GR0ZY493SEB4,Good,27.32027777777778,W5163440,SDJ591,CGCH613,2025-05-11 19:02:49,OXS266,W5163440,PC2,2025-05-12 22:22:02
GF51F619MMB1,Bad,26.325,W5136300,SDJ591,CGCH612,2025-04-19 05:55:47,OXS270,W5136300A,PC1,2025-04-20 08:15:17
GF51F620MME2,Good,25.971666666666668,W5136300,SDJ591,CGCH613,2025-04-19 05:56:00,OXS266,W5136300,PC1,2025-04-20 07:54:18
GF51F621MMB1,Good,26.052222222222223,W5136300,SDJ591,CGCH611,2025-04-19 05:57:16,OXS270,W5136300A,PC1,2025-04-20 08:00:24
GF51F624MMG4,Good,25.898333333333333,W5136300,SDJ591,CGCH612,2025-04-19 05:57:54,OXS266,W5136300,PC1,2025-04-20 07:51:48
GF51F627MME4,Bad,26.203333333333333,W5136300,SDJ591,CGCH613,2025-04-19 05:58:07,OXS270,W5136300A,PC1,2025-04-20 08:10:19
GF51F628MMB3,Good,25.66777777777778,W5136300,SDJ591,CGCH611,2025-04-19 05:59:22,OXS266,W5136300,PC1,2025-04-20 07:39:26
GP8VG062SEF1,Bad,22.40888888888889,W5156270,SDJ591,CGCH612,2025-05-11 11:29:46,OXS266,W5156270,PC2,2025-05-12 09:54:18
GP8VG063SEC0,Bad,22.579722222222223,W5156270,SDJ591,CGCH613,2025-05-11 11:29:59,OXS266,W5156270A,PC1,2025-05-12 10:04:46
GP8VG064SEG2,Good,22.75111111111111,W5156270,SDJ591,CGCH611,2025-05-11 11:31:22,OXS266,W5156270,PC2,2025-05-12 10:16:26
GP8VG065SED1,Bad,22.671944444444446,W5156270,SDJ591,CGCH612,2025-05-11 11:31:52,OXS266,W5156270A,PC1,2025-05-12 10:12:11
GP8VG067SEE2,Bad,22.697777777777777,W5156270,SDJ591,CGCH613,2025-05-11 11:32:06,OXS266,W5156270,PC2,2025-05-12 10:13:58
GP8VG068SEB1,Bad,22.604166666666668,W5156270,SDJ591,CGCH611,2025-05-11 11:33:28,OXS266,W5156270A,PC1,2025-05-12 10:09:43
GP8VG069SEF3,Good,22.74861111111111,W5156270,SDJ591,CGCH612,2025-05-11 11:33:59,OXS266,W5156270,PC2,2025-05-12 10:18:54
GR0ZY494SEF6,Good,27.66888888888889,W5163440,SDJ591,CGCH611,2025-05-11 19:03:25,OXS266,W5163440A,PC1,2025-05-12 22:43:33
GR0ZY495SEC5,Good,27.171944444444446,W5163440,SDJ591,CGCH612,2025-05-11 19:04:20,OXS266,W5163440,PC2,2025-05-12 22:14:39
GR0ZY496SEG7,Good,27.23,W5163440,SDJ591,CGCH613,2025-05-11 19:04:55,OXS266,W5163440A,PC1,2025-05-12 22:18:43
GR0ZY498SEA5,Good,27.19333333333333,W5163440,SDJ591,CGCH611,2025-05-11 19:05:31,OXS266,W5163440,PC2,2025-05-12 22:17:07
GR0ZY499SEE7,Good,27.45277777777778,W5163440,SDJ591,CGCH612,2025-05-11 19:06:27,OXS266,W5163440A,PC1,2025-05-12 22:33:37
GP8VG070SEB1,Bad,22.343888888888888,W5156270,SDJ591,CGCH613,2025-05-11 11:34:13,OXS266,W5156270A,PC1,2025-05-12 09:54:51
GP8VG071SEF3,Bad,22.27138888888889,W5156270,SDJ591,CGCH611,2025-05-11 11:35:34,OXS266,W5156270,PC2,2025-05-12 09:51:51
GP8VG072SEC2,Bad,22.51888888888889,W5156270,SDJ591,CGCH612,2025-05-11 11:36:06,OXS266,W5156270A,PC1,2025-05-12 10:07:14
GP8VG073SEG4,Bad,22.545555555555556,W5156270,SDJ591,CGCH613,2025-05-11 11:36:19,OXS266,W5156270,PC2,2025-05-12 10:09:03
GP8VG074SED3,Bad,22.41,W5156270,SDJ591,CGCH611,2025-05-11 11:37:41,OXS266,W5156270A,PC1,2025-05-12 10:02:17
GP8VG075SEA2,Bad,22.473055555555554,W5156270,SDJ591,CGCH612,2025-05-11 11:38:13,OXS266,W5156270,PC2,2025-05-12 10:06:36
GP8VG076SEE4,Bad,22.315,W5156270,SDJ591,CGCH613,2025-05-11 11:38:26,OXS266,W5156270A,PC1,2025-05-12 09:57:20
GP8VG077SEB3,Bad,22.405833333333334,W5156270,SDJ591,CGCH611,2025-05-11 11:39:47,OXS266,W5156270,PC2,2025-05-12 10:04:08
GR0ZY500SEG3,Good,27.495833333333334,W5163440,SDJ591,CGCH613,2025-05-11 19:07:02,OXS266,W5163440,PC2,2025-05-12 22:36:47
GR0ZY501SED2,Good,27.391666666666666,W5163440,SDJ591,CGCH611,2025-05-11 19:07:37,OXS266,W5163440A,PC1,2025-05-12 22:31:07
GR0ZY502SEA1,Good,27.511111111111113,W5163440,SDJ591,CGCH612,2025-05-11 19:08:34,OXS266,W5163440,PC2,2025-05-12 22:39:14
GR0ZY503SEE3,Good,27.24222222222222,W5163440,SDJ591,CGCH613,2025-05-11 19:09:09,OXS266,W5163440A,PC1,2025-05-12 22:23:41
GR0ZY504SEB2,Good,27.164166666666667,W5163440,SDJ591,CGCH611,2025-05-11 19:09:43,OXS266,W5163440,PC2,2025-05-12 22:19:34
GR0ZY507SEG5,Bad,27.5075,W5163440,SDJ591,CGCH613,2025-05-11 19:11:15,OXS266,W5163440,PC2,2025-05-12 22:41:42
GR0ZY508SED4,Good,27.073888888888888,W5163440,SDJ591,CGCH611,2025-05-11 19:11:49,OXS266,W5163440A,PC1,2025-05-12 22:16:15
GR0ZY510SED4,Good,27.276666666666667,W5163440,SDJ591,CGCH612,2025-05-11 19:12:48,OXS266,W5163440,PC2,2025-05-12 22:29:24
AJPDB622MME5,Good,23.004166666666666,W5216250,SDJ591,CGCH611,2025-06-10 18:27:26,OXS270,W5216250,PC1,2025-06-11 17:27:41
AJPDB626MMG7,Bad,22.997222222222224,W5216250,SDJ591,CGCH611,2025-06-10 18:29:33,OXS266,W5216250A,PC2,2025-06-11 17:29:23
AJPDB627MMD6,Bad,22.795277777777777,W5216250,SDJ591,CGCH612,2025-06-10 18:30:03,OXS270,W5216250,PC1,2025-06-11 17:17:46
AJPDB623MMB4,Bad,22.737222222222222,W5216250,SDJ591,CGCH612,2025-06-10 18:27:56,OXS266,W5216250A,PC2,2025-06-11 17:12:10
AJPDB625MMC5,Bad,22.579166666666666,W5216250,SDJ591,CGCH613,2025-06-10 18:28:08,OXS270,W5216250,PC1,2025-06-11 17:02:53
AJPDB628MMA5,Good,22.657222222222224,W5216250,SDJ591,CGCH613,2025-06-10 18:30:17,OXS266,W5216250A,PC2,2025-06-11 17:09:43
AJPDB630MMA5,Bad,22.81,W5216250,SDJ591,CGCH611,2025-06-10 18:31:39,OXS270,W5216250,PC1,2025-06-11 17:20:15
AJPDB631MME7,Bad,22.994722222222222,W5216250,SDJ591,CGCH612,2025-06-10 18:32:10,OXS266,W5216250A,PC2,2025-06-11 17:31:51
AJPDB632MMB6,Bad,22.880277777777778,W5216250,SDJ591,CGCH613,2025-06-10 18:32:24,OXS270,W5216250,PC1,2025-06-11 17:25:13
AJPDB633MMG0,Bad,22.886388888888888,W5216250,SDJ591,CGCH611,2025-06-10 18:33:45,OXS266,W5216250A,PC2,2025-06-11 17:26:56
AJPDB634MMC7,Good,22.435555555555556,W5216250,SDJ591,CGCH612,2025-06-10 18:34:17,OXS270,W5216250,PC1,2025-06-11 17:00:25
AJPDB635MMH1,Bad,22.996388888888887,W5216250,SDJ591,CGCH613,2025-06-10 18:34:31,OXS266,W5216250A,PC2,2025-06-11 17:34:18
AJPDB636MME0,Bad,22.533333333333335,W5216250,SDJ591,CGCH611,2025-06-10 18:35:51,OXS270,W5216250,PC1,2025-06-11 17:07:51
CJNMB591MMB0,Good,23.1175,W5203640,SDJ591,CGCH611,2025-06-13 13:16:26,OXS266,W5203640,PC2,2025-06-14 12:23:29
CJNMB592MMF2,Good,23.013333333333332,W5203640,SDJ591,CGCH612,2025-06-13 13:16:51,OXS270,W5203640A,PC1,2025-06-14 12:17:39
CJNMB593MMC1,Good,23.3875,W5203640,SDJ591,CGCH613,2025-06-13 13:17:26,OXS266,W5203640,PC2,2025-06-14 12:40:41
CJNMB594MMG3,Good,23.357222222222223,W5203640,SDJ591,CGCH611,2025-06-13 13:18:32,OXS270,W5203640A,PC1,2025-06-14 12:39:58
AJPDB637MMA7,Bad,22.76,W5216250,SDJ591,CGCH612,2025-06-10 18:36:24,OXS266,W5216250A,PC2,2025-06-11 17:22:00
AJPDB638MMF1,Bad,22.644444444444446,W5216250,SDJ591,CGCH613,2025-06-10 18:36:38,OXS270,W5216250,PC1,2025-06-11 17:15:18
AJPDB639MMC0,Bad,22.6525,W5216250,SDJ591,CGCH611,2025-06-10 18:37:57,OXS266,W5216250A,PC2,2025-06-11 17:17:06
AJPDB640MMF1,Bad,22.736944444444443,W5216250,SDJ591,CGCH612,2025-06-10 18:38:31,OXS270,W5216250,PC1,2025-06-11 17:22:44
AJPDB641MMC0,Bad,22.967222222222222,W5216250,SDJ591,CGCH613,2025-06-10 18:38:44,OXS266,W5216250A,PC2,2025-06-11 17:36:46
AJPDB799MMG0,Bad,22.504444444444445,W5216250,SDJ591,CGCH611,2025-06-10 18:40:04,OXS270,W5216250,PC1,2025-06-11 17:10:20
AJPDB800MMA1,Bad,22.566666666666666,W5216250,SDJ591,CGCH612,2025-06-10 18:40:38,OXS266,W5216250A,PC2,2025-06-11 17:14:38
CJNMB595MMD2,Good,23.238888888888887,W5203640,SDJ591,CGCH612,2025-06-13 13:18:58,OXS266,W5203640,PC2,2025-06-14 12:33:18
CJNMB596MMA1,Good,23.2575,W5203640,SDJ591,CGCH613,2025-06-13 13:19:33,OXS270,W5203640A,PC1,2025-06-14 12:35:00
CJNMB598MMB2,Good,23.00638888888889,W5203640,SDJ591,CGCH611,2025-06-13 13:20:39,OXS266,W5203640,PC2,2025-06-14 12:21:02
CJNMB599MMF4,Good,23.149444444444445,W5203640,SDJ591,CGCH612,2025-06-13 13:21:05,OXS270,W5203640A,PC1,2025-06-14 12:30:03
CJNMB600MMH0,Good,23.398888888888887,W5203640,SDJ591,CGCH613,2025-06-13 13:21:39,OXS266,W5203640,PC2,2025-06-14 12:45:35
CJNMB601MMD7,Good,23.328333333333333,W5203640,SDJ591,CGCH611,2025-06-13 13:22:45,OXS270,W5203640A,PC1,2025-06-14 12:42:27
AJPDB801MME3,Bad,22.40861111111111,W5216250,SDJ591,CGCH613,2025-06-10 18:40:51,OXS270,W5216250,PC1,2025-06-11 17:05:22
AJPDB802MMB2,Bad,22.705,W5216250,SDJ591,CGCH611,2025-06-10 18:42:10,OXS266,W5216250A,PC2,2025-06-11 17:24:28
AJPDB803MMF4,Bad,22.494722222222222,W5216250,SDJ591,CGCH612,2025-06-10 18:43:08,OXS270,W5216250,PC1,2025-06-11 17:12:49
AJPDB804MMC3,Bad,22.594166666666666,W5216250,SDJ591,CGCH613,2025-06-10 18:43:54,OXS266,W5216250A,PC2,2025-06-11 17:19:33
AJPDB805MMG5,Bad,22.765,W5216250,SDJ591,CGCH611,2025-06-10 18:44:16,OXS270,W5216250,PC1,2025-06-11 17:30:10
CJNMB656MMD3,Bad,23.250555555555554,W5203640,SDJ591,CGCH612,2025-06-13 13:23:11,OXS266,W5203640,PC2,2025-06-14 12:38:13
CJNMB658MME4,Good,22.854444444444443,W5203640,SDJ591,CGCH611,2025-06-13 13:24:51,OXS266,W5203640,PC2,2025-06-14 12:16:07
CJNMB659MMB3,Bad,23.037777777777777,W5203640,SDJ591,CGCH612,2025-06-13 13:25:18,OXS270,W5203640A,PC1,2025-06-14 12:27:34
CJNMB660MME4,Bad,23.287777777777777,W5203640,SDJ591,CGCH613,2025-06-13 13:25:52,OXS266,W5203640,PC2,2025-06-14 12:43:08
CJNMB661MMB3,Good,23.093055555555555,W5203640,SDJ591,CGCH611,2025-06-13 13:26:57,OXS270,W5203640A,PC1,2025-06-14 12:32:32
CJNMB662MMF5,Bad,23.057222222222222,W5203640,SDJ591,CGCH612,2025-06-13 13:27:25,OXS266,W5203640,PC2,2025-06-14 12:30:51
CJNMB657MMA2,Good,23.021944444444443,W5203640,SDJ591,CGCH613,2025-06-13 13:23:46,OXS270,W5203640A,PC1,2025-06-14 12:25:05
CJNMB663MMC4,Bad,22.86916666666667,W5203640,SDJ591,CGCH613,2025-06-13 13:27:59,OXS270,W5203640A,PC1,2025-06-14 12:20:08
CJNMB664MMG6,Bad,22.947777777777777,W5203640,SDJ591,CGCH611,2025-06-13 13:29:04,OXS266,W5203640,PC2,2025-06-14 12:25:56
CJNMB665MMD5,Good,23.256666666666668,W5203640,SDJ591,CGCH612,2025-06-13 13:29:32,OXS270,W5203640A,PC1,2025-06-14 12:44:56
CJNMB666MMA4,Bad,23.094444444444445,W5203640,SDJ591,CGCH613,2025-06-13 13:30:05,OXS266,W5203640,PC2,2025-06-14 12:35:45
CJNMB667MME6,Bad,22.8575,W5203640,SDJ591,CGCH611,2025-06-13 13:31:10,OXS270,W5203640A,PC1,2025-06-14 12:22:37
CJNMB690MMD2,Bad,22.945555555555554,W5203640,SDJ591,CGCH612,2025-06-13 13:31:39,OXS266,W5203640,PC2,2025-06-14 12:28:23
CJNMB691MMA1,Bad,23.088055555555556,W5203640,SDJ591,CGCH613,2025-06-13 13:32:12,OXS270,W5203640A,PC1,2025-06-14 12:37:29
CJNMB693MMB2,Bad,22.755277777777778,W5203640,SDJ591,CGCH611,2025-06-13 13:33:16,OXS266,W5203640,PC2,2025-06-14 12:18:35
EAEJI683MME6,Bad,44.26555555555556,W5264450,SDJ591,CGCH611,2025-07-19 23:14:31,OXS270,W5264450,PC2,2025-07-21 19:30:27
EAEJI684MMB5,Bad,44.10055555555556,W5264450,SDJ591,CGCH612,2025-07-19 23:15:01,OXS270,W5264450A,PC1,2025-07-21 19:21:03
EAEJI686MMC6,Bad,44.198055555555555,W5264450,SDJ591,CGCH611,2025-07-19 23:16:37,OXS270,W5264450A,PC1,2025-07-21 19:28:30
EAEJI685MMF7,Bad,43.92388888888889,W5264450,SDJ591,CGCH613,2025-07-19 23:15:13,OXS270,W5264450,PC2,2025-07-21 19:10:39
EAEJI687MMH0,Bad,44.01555555555556,W5264450,SDJ591,CGCH612,2025-07-19 23:17:08,OXS270,W5264450,PC2,2025-07-21 19:18:04
EAEJI688MMD7,Bad,43.855,W5264450,SDJ591,CGCH613,2025-07-19 23:17:21,OXS270,W5264450A,PC1,2025-07-21 19:08:39
EAEJI689MMA6,Bad,44.07222222222222,W5264450,SDJ591,CGCH611,2025-07-19 23:18:43,OXS270,W5264450,PC2,2025-07-21 19:23:03
EAEJI690MMD7,Bad,43.94777777777778,W5264450,SDJ591,CGCH612,2025-07-19 23:19:15,OXS270,W5264450A,PC1,2025-07-21 19:16:07
EAEJI691MMA6,Good,43.687777777777775,W5264450,SDJ591,CGCH613,2025-07-19 23:19:28,OXS270,W5264450,PC2,2025-07-21 19:00:44
EAEJI692MMF0,Bad,43.88,W5264450,SDJ591,CGCH611,2025-07-19 23:20:50,OXS270,W5264450A,PC1,2025-07-21 19:13:38
EAEJI760MME2,Bad,43.86277777777778,W5264450,SDJ591,CGCH612,2025-07-19 23:21:22,OXS270,W5264450,PC2,2025-07-21 19:13:08
EAEJI761MMB1,Bad,43.70194444444444,W5264450,SDJ591,CGCH613,2025-07-19 23:21:35,OXS270,W5264450A,PC1,2025-07-21 19:03:42
EAEJI762MMF3,Bad,44.04277777777778,W5264450,SDJ591,CGCH611,2025-07-19 23:22:56,OXS270,W5264450,PC2,2025-07-21 19:25:30
EAEJI763MMC2,Bad,43.91861111111111,W5264450,SDJ591,CGCH612,2025-07-19 23:23:28,OXS270,W5264450A,PC1,2025-07-21 19:18:35
EAEJI764MMG4,Bad,43.86527777777778,W5264450,SDJ591,CGCH613,2025-07-19 23:23:42,OXS270,W5264450,PC2,2025-07-21 19:15:37
EAEJI765MMD3,Bad,43.602777777777774,W5264450,SDJ591,CGCH611,2025-07-19 23:25:02,OXS270,W5264450A,PC1,2025-07-21 19:01:12
EAEJI766MMA2,Bad,43.66833333333334,W5264450,SDJ591,CGCH612,2025-07-19 23:25:35,OXS270,W5264450,PC2,2025-07-21 19:05:41
EAEJI768MMB3,Bad,44.00333333333333,W5264450,SDJ591,CGCH613,2025-07-19 23:25:49,OXS270,W5264450A,PC1,2025-07-21 19:26:01
EAEJI769MMF5,Bad,43.60111111111111,W5264450,SDJ591,CGCH611,2025-07-19 23:27:09,OXS270,W5264450,PC2,2025-07-21 19:03:13
EAEJI770MMB3,Bad,43.64111111111111,W5264450,SDJ591,CGCH612,2025-07-19 23:27:42,OXS270,W5264450A,PC1,2025-07-21 19:06:10
EAEJI771MMF5,Bad,43.67055555555555,W5264450,SDJ591,CGCH613,2025-07-19 23:27:56,OXS270,W5264450,PC2,2025-07-21 19:08:10
EAEJI825MMG5,Bad,43.90472222222222,W5264450,SDJ591,CGCH611,2025-07-19 23:29:15,OXS270,W5264450A,PC1,2025-07-21 19:23:32
EAEJI826MMD4,Bad,43.96722222222222,W5264450,SDJ591,CGCH612,2025-07-19 23:29:57,OXS270,W5264450,PC2,2025-07-21 19:27:59
EAEJI827MMA3,Bad,43.673611111111114,W5264450,SDJ591,CGCH613,2025-07-19 23:30:43,OXS270,W5264450A,PC1,2025-07-21 19:11:08
EAEJI828MME5,Bad,43.82,W5264450,SDJ591,CGCH611,2025-07-19 23:31:21,OXS270,W5264450,PC2,2025-07-21 19:20:33
